n,promedio_secuencial_s,promedio_binaria_s
10,0.0000005500,0.0000003000
20,0.0000003500,0.0000000500
30,0.0000005500,0.0000004500
40,0.0000004500,0.0000003000
50,0.0000004000,0.0000003500
60,0.0000005500,0.0000004500
70,0.0000004500,0.0000002000
80,0.0000009500,0.0000001000
90,0.0000005000,0.0000004000
100,0.0000005500,0.0000004500
